<?xml version="1.0" encoding="UTF-8"?>
<catalog xmlns="urn:oasis:names:tc:entity:xmlns:xml:catalog" prefer="public">
    <!-- NOTE: The following catalog entries will be added to the Toolkit's
             top-level catalog-dita.xml without modification, so they
             need to work as they will be in that catalog, not as they
             exist within the plug-in's directory.
    -->
  
    <!-- Pending content specialization. -->
    <nextCatalog catalog="pending-content-domain/catalog.xml"/>
    <nextCatalog catalog="transition-guidance-domain/catalog.xml"/>
    
    <!-- General element specializations -->
    <nextCatalog catalog="sfragment-domain/catalog.xml"/>
    <nextCatalog catalog="xref-group-domain/catalog.xml"/>
    <nextCatalog catalog="text-change-domain/catalog.xml"/>
    
    <!-- GASB specializations. -->
    <nextCatalog catalog="gasb-topic/catalog.xml"/>
    <nextCatalog catalog="gasb-glossentry/catalog.xml"/>
    <nextCatalog catalog="gasb-domain/catalog.xml"/>
    <nextCatalog catalog="gasb-qa/catalog.xml"/>
    <nextCatalog catalog="gasb-title-info/catalog.xml"/>
    <nextCatalog catalog="gasb-map/catalog.xml"/>
    
    <!-- FASB specializations -->
    <nextCatalog catalog="subsection/catalog.xml"/>
    <nextCatalog catalog="asc-domain/catalog.xml"/>
    <nextCatalog catalog="pgroup/catalog.xml"/>
    <nextCatalog catalog="asc-topic/catalog.xml"/>
    <nextCatalog catalog="asu-topic/catalog.xml"/>
    <nextCatalog catalog="asc-glossentry/catalog.xml"/>
    <nextCatalog catalog="pending-topic/catalog.xml"/>
    
</catalog>
