<?xml version="1.0" ?> 

<catalog xmlns="urn:oasis:names:tc:entity:xmlns:xml:catalog" prefer="public">
	<group>
		<!-- Topics -->
		<public publicId="-//IFRS//DTD DITA Composite//EN" uri="dtd/ifrsDitabase.dtd"/>
		<public publicId="-//IFRS//DTD DITA Topic//EN" uri="dtd/ifrsTopic.dtd"/>
		<public publicId="-//IFRS//DTD DITA Paragraph//EN" uri="dtd/paragraph.dtd"/>
		<public publicId="-//IFRS//DTD DITA Example_Topic//EN" uri="dtd/example_topic.dtd"/>
		<public publicId="-//IFRS//DTD DITA Amendments//EN" uri="dtd/amendments.dtd"/>
		<public publicId="-//IFRS//DTD DITA Glossary Entry//EN" uri="dtd/ifrsGlossentry.dtd"/>
		<public publicId="-//IFRS//DTD DITA Jurisdiction//EN" uri="dtd/jurisdiction.dtd"/>
		
		<!-- Maps -->
		<public publicId="-//IFRS//DTD DITA BookMap//EN" uri="dtd/ifrsBookmap.dtd"/>
		<public publicId="-//IFRS//DTD DITA Map//EN" uri="dtd/ifrsMap.dtd"/>
	</group>
</catalog>
