<?xml version="1.0" encoding="UTF-8"?>
<jcr:root xmlns:sling="http://sling.apache.org/jcr/sling/1.0" xmlns:jcr="http://www.jcp.org/jcr/1.0" xmlns:rep="internal"
    jcr:lastModified="{Date}2019-02-11T18:12:14.776Z"
    jcr:lastModifiedBy="admin-qa"
    jcr:mixinTypes="[rep:AccessControllable]"
    jcr:primaryType="sling:OrderedFolder">
    <asb/>
    <coso/>
    <eitf/>
    <fasab/>
    <fasb/>
    <finrec/>
    <gao/>
    <omb/>
    <otherus/>
    <pcaob/>
    <pwc/>
    <sec/>
    <superseded_precodification/>
    <adobe-testing-dita/>
    <jcr:content/>
    <vsaTest.dita/>
    <_x0032_182topic.dita/>
    <VSA-Test2.dita/>
    <VSA-Test3.dita/>
    <Topicreview.dita/>
    <excerpts_1.dita/>
    <Demomap.ditamap/>
    <sling-error.ditamap/>
    <just-fyi.dita/>
    <Test123.dita/>
    <PwC-Topic.dita/>
    <PricewaterhouseCoopers-Excerpts-and-Call-out-content.dita/>
    <Release-9.ditamap/>
    <demo-take-two/>
    <release-demo/>
    <t1.dita/>
    <rep:policy/>
    <pwc-m6/>
</jcr:root>
