<?xml version="1.0" encoding="UTF-8"?>
<catalog xmlns="urn:oasis:names:tc:entity:xmlns:xml:catalog">
   
   <!-- Document-type shells: Maps -->
   <public publicId="-//PWC//DTD DITA PWC BookMap//EN" uri="pwc-bookmap.dtd"/>
   <public publicId="-//PWC//DTD DITA 1.3 PWC BookMap//EN" uri="pwc-bookmap.dtd"/>
   
   <public publicId="-//PWC//DTD DITA PWC Map//EN" uri="pwc-map.dtd"/>
   <public publicId="-//PWC//DTD DITA 1.3 PWC Map//EN" uri="pwc-map.dtd"/>
   
   <public publicId="-//PWC//DTD DITA PWC subjectScheme Map//EN" uri="pwc-subjectScheme.dtd"/>
   <public publicId="-//PWC//DTD DITA 1.3 PWC subjectScheme Map//EN" uri="pwc-subjectScheme.dtd"/>
   
   <!-- Document-type shells: Topics -->

   
   <!-- PWC constraints -->
   <public publicId="-//PWC//ELEMENTS Highlighting Domain Constraint//EN" uri="pwcHighlightingDomainConstraint.mod"/>
   <public publicId="-//PWC//ELEMENTS Paragraph Constraint//EN" uri="pwcPConstraint.mod"/>
   <public publicId="-//PWC//ELEMENTS Section Constraint//EN" uri="pwcSectionConstraint.mod"/>
   <public publicId="-//PWC//ELEMENTS Conref Constraint//EN" uri="pwcConrefConstraint.mod"/>
   
   
   <!-- PWC specializations: Attributes -->
   <public publicId="-//PWC//ENTITIES DITA Edited-By Attribute Domain//EN" uri="pwcEditedByDomain.ent"/>
   <public publicId="-//PWC//ENTITIES DITA Edited-On Attribute Domain//EN" uri="pwcEditedOnDomain.ent"/>
<!--   <public publicId="-//PWC//ENTITIES DITA Formatting Attribute Domain//EN" uri="pwcFormattingDomain.ent"/>-->

   <!-- PWC specializations: Domains -->
   <public publicId="-//PWC/ENTITIES DITA PWC Metadata Domain//EN" uri="pwc-metadataDomain.ent"/>
   <public publicId="-//PWC//ELEMENTS DITA PWC Metadata Domain//EN" uri="pwc-metadataDomain.mod"/>
   
   <public publicId="-//PWC/ENTITIES DITA PWC Common Elements Domain//EN" uri="pwc-commonElementsDomain.ent"/>
   <public publicId="-//PWC//ELEMENTS DITA PWC Common Elements Domain//EN" uri="pwc-commonElementsDomain.mod"/>
   
   <!-- PWC specializations: Topics -->
   <public publicId="-//PWC//DTD DITA PWC Abstract//EN" uri="pwc-abstract.dtd"/>
   <public publicId="-//PWC//ELEMENTS PWC Abstract//EN" uri="pwc-abstract.mod"/>
   <public publicId="-//PWC//ENTITIES PWC Abstract//EN" uri="pwc-abstract.ent"/>
   
   <public publicId="-//PWC//DTD DITA PWC Example//EN" uri="pwc-example.dtd"/>
   <public publicId="-//PWC//ELEMENTS PWC Example//EN" uri="pwc-example.mod"/>
   <public publicId="-//PWC//ENTITIES DITA PWC Example//EN" uri="pwc-example.ent"/>
   
   <public publicId="-//PWC//DTD DITA PWC FAQ//EN" uri="pwc-faq.dtd"/>
   <public publicId="-//PWC//ELEMENTS PWC FAQ//EN" uri="pwc-faq.mod"/>
   <public publicId="-//PWC//ENTITIES DITA PWC FAQ//EN" uri="pwc-faq.ent"/>
   
   <public publicId="-//PWC//DTD DITA PWC Topic//EN" uri="pwc-topic.dtd"/>
   <public publicId="-//PWC//ELEMENTS PWC Topic//EN" uri="pwc-topic.mod"/>
   <public publicId="-//PWC//ENTITIES DITA PWC Topic//EN" uri="pwc-topic.ent"/>
   
</catalog>
