<?xml version="1.0" encoding="UTF-8"?>
<configuration>
  <appender name="STDOUT" class="ch.qos.logback.core.ConsoleAppender">
    <encoder>
      <pattern>[%level] %msg%n</pattern>
      <!--pattern>
        %d{HH:mm:ss.SSS} [%thread] %-5level %logger - %msg%n
      </pattern-->
    </encoder>
  </appender>
  <logger name="FOP" level="INFO"/>
  <logger name="org.apache.fop" level="INFO"/>
  <logger name="org.apache.fop.apps.FopConfParser" level="WARN"/>
  <logger name="org.apache.xmlgraphics" level="INFO"/>
  <root level="DEBUG">
    <appender-ref ref="STDOUT" />
  </root>
</configuration>