<?xml version="1.0" encoding="UTF-8"?>
<catalog xmlns="urn:oasis:names:tc:entity:xmlns:xml:catalog" prefer="public">
  
  <group xml:base="./asc/">
    <!--    Replacing system IDs with public IDs...-->
    <public publicId="-//FAF//DTD Subsection for FAF//EN" uri="./subsection.dtd"/>
    <public publicId="-//FAF//DTD Glossary for FAF//EN" uri="./asc-glossary.dtd"/>
    <public publicId="-//FAF//DTD ASC DITA Map//EN" uri="./map.dtd"/>
    <public publicId="-//FAF//DTD ASC Content for FAF//EN" uri="./asc-content.dtd"/>
    <public publicId="-//FAF//DTD ASC DITA Topic//EN" uri="./topic.dtd"/>
    <!--    <system systemId="http://asc.fasb.org/2007/dtds/asc/subsection.dtd" uri="./subsection.dtd"></system>
    <system systemId="http://asc.fasb.org/2007/dtds/asc/asc-glossary.dtd" uri="./asc-glossary.dtd"></system>
    <system systemId="http://asc.fasb.org/2007/dtds/asc/glossary.dtd" uri="./asc-glossary.dtd"></system>
    <system systemId="http://asc.fasb.org/2007/dtds/asc/map.dtd" uri="./map.dtd"></system>
    <system systemId="http://asc.fasb.org/2007/dtds/asc/asc-content.dtd" uri="./asc-content.dtd"></system>
    <system systemId="http://asc.fasb.org/2007/dtds/asc/topic.dtd" uri="./topic.dtd"></system>-->
  </group>
  <nextCatalog catalog="org.oasis-open.dita.v1_3/catalog.xml"/>
  
</catalog>