<?xml version="1.0" encoding="UTF-8"?>
<jcr:root xmlns:sling="http://sling.apache.org/jcr/sling/1.0" xmlns:jcr="http://www.jcp.org/jcr/1.0" xmlns:rep="internal"
    jcr:mixinTypes="[rep:AccessControllable]"
    jcr:primaryType="sling:OrderedFolder">
    <ara-ebp.01.dita/>
    <ara-ebp.02.dita/>
    <ara-ebp.03.dita/>
    <ara-ebp.04.dita/>
    <ara-ebp.05.dita/>
    <ara-ebp.06.dita/>
    <ara-ebp.07.dita/>
    <ara-ebp.08.dita/>
    <ara-ebp.09.dita/>
    <ara-ebp.10.dita/>
    <ara-ebp.100.dita/>
    <ara-ebp.101.dita/>
    <ara-ebp.102.dita/>
    <ara-ebp.103.dita/>
    <ara-ebp.104.dita/>
    <ara-ebp.105.dita/>
    <ara-ebp.106.dita/>
    <ara-ebp.107.dita/>
    <ara-ebp.108.dita/>
    <ara-ebp.109.dita/>
    <ara-ebp.11.dita/>
    <ara-ebp.110.dita/>
    <ara-ebp.111.dita/>
    <ara-ebp.112.dita/>
    <ara-ebp.113.dita/>
    <ara-ebp.114.dita/>
    <ara-ebp.115.dita/>
    <ara-ebp.116.dita/>
    <ara-ebp.117.dita/>
    <ara-ebp.118.dita/>
    <ara-ebp.119.dita/>
    <ara-ebp.12.dita/>
    <ara-ebp.120.dita/>
    <ara-ebp.121.dita/>
    <ara-ebp.122.dita/>
    <ara-ebp.123.dita/>
    <ara-ebp.124.dita/>
    <ara-ebp.125.dita/>
    <ara-ebp.126.dita/>
    <ara-ebp.127.dita/>
    <ara-ebp.128.dita/>
    <ara-ebp.129.dita/>
    <ara-ebp.13.dita/>
    <ara-ebp.130.dita/>
    <ara-ebp.131.dita/>
    <ara-ebp.132.dita/>
    <ara-ebp.133.dita/>
    <ara-ebp.134.dita/>
    <ara-ebp.135.dita/>
    <ara-ebp.136.dita/>
    <ara-ebp.137.dita/>
    <ara-ebp.138.dita/>
    <ara-ebp.139.dita/>
    <ara-ebp.14.dita/>
    <ara-ebp.140.dita/>
    <ara-ebp.141.dita/>
    <ara-ebp.142.dita/>
    <ara-ebp.143.dita/>
    <ara-ebp.144.dita/>
    <ara-ebp.145.dita/>
    <ara-ebp.146.dita/>
    <ara-ebp.147.dita/>
    <ara-ebp.148.dita/>
    <ara-ebp.149.dita/>
    <ara-ebp.15.dita/>
    <ara-ebp.150.dita/>
    <ara-ebp.151.dita/>
    <ara-ebp.152.dita/>
    <ara-ebp.153.dita/>
    <ara-ebp.154.dita/>
    <ara-ebp.155.dita/>
    <ara-ebp.156.dita/>
    <ara-ebp.157.dita/>
    <ara-ebp.158.dita/>
    <ara-ebp.159.dita/>
    <ara-ebp.16.dita/>
    <ara-ebp.160.dita/>
    <ara-ebp.161.dita/>
    <ara-ebp.162.dita/>
    <ara-ebp.163.dita/>
    <ara-ebp.164.dita/>
    <ara-ebp.165.dita/>
    <ara-ebp.166.dita/>
    <ara-ebp.167.dita/>
    <ara-ebp.168.dita/>
    <ara-ebp.169.dita/>
    <ara-ebp.17.dita/>
    <ara-ebp.170.dita/>
    <ara-ebp.171.dita/>
    <ara-ebp.172.dita/>
    <ara-ebp.173.dita/>
    <ara-ebp.174.dita/>
    <ara-ebp.175.dita/>
    <ara-ebp.176.dita/>
    <ara-ebp.177.dita/>
    <ara-ebp.178.dita/>
    <ara-ebp.179.dita/>
    <ara-ebp.18.dita/>
    <ara-ebp.180.dita/>
    <ara-ebp.181.dita/>
    <ara-ebp.182.dita/>
    <ara-ebp.183.dita/>
    <ara-ebp.184.dita/>
    <ara-ebp.185.dita/>
    <ara-ebp.186.dita/>
    <ara-ebp.187.dita/>
    <ara-ebp.188.dita/>
    <ara-ebp.189.dita/>
    <ara-ebp.19.dita/>
    <ara-ebp.190.dita/>
    <ara-ebp.191.dita/>
    <ara-ebp.192.dita/>
    <ara-ebp.193.dita/>
    <ara-ebp.194.dita/>
    <ara-ebp.195.dita/>
    <ara-ebp.196.dita/>
    <ara-ebp.197.dita/>
    <ara-ebp.198.dita/>
    <ara-ebp.199.dita/>
    <ara-ebp.20.dita/>
    <ara-ebp.200.dita/>
    <ara-ebp.201.dita/>
    <ara-ebp.202.dita/>
    <ara-ebp.203.dita/>
    <ara-ebp.204.dita/>
    <ara-ebp.205.dita/>
    <ara-ebp.206.dita/>
    <ara-ebp.207.dita/>
    <ara-ebp.208.dita/>
    <ara-ebp.209.dita/>
    <ara-ebp.21.dita/>
    <ara-ebp.210.dita/>
    <ara-ebp.211.dita/>
    <ara-ebp.212.dita/>
    <ara-ebp.22.dita/>
    <ara-ebp.23.dita/>
    <ara-ebp.24.dita/>
    <ara-ebp.25.dita/>
    <ara-ebp.26.dita/>
    <ara-ebp.27.dita/>
    <ara-ebp.28.dita/>
    <ara-ebp.29.dita/>
    <ara-ebp.30.dita/>
    <ara-ebp.31.dita/>
    <ara-ebp.32.dita/>
    <ara-ebp.33.dita/>
    <ara-ebp.34.dita/>
    <ara-ebp.35.dita/>
    <ara-ebp.36.dita/>
    <ara-ebp.37.dita/>
    <ara-ebp.38.dita/>
    <ara-ebp.39.dita/>
    <ara-ebp.40.dita/>
    <ara-ebp.41.dita/>
    <ara-ebp.42.dita/>
    <ara-ebp.43.dita/>
    <ara-ebp.44.dita/>
    <ara-ebp.45.dita/>
    <ara-ebp.46.dita/>
    <ara-ebp.47.dita/>
    <ara-ebp.48.dita/>
    <ara-ebp.49.dita/>
    <ara-ebp.50.dita/>
    <ara-ebp.51.dita/>
    <ara-ebp.52.dita/>
    <ara-ebp.53.dita/>
    <ara-ebp.54.dita/>
    <ara-ebp.55.dita/>
    <ara-ebp.56.dita/>
    <ara-ebp.57.dita/>
    <ara-ebp.58.dita/>
    <ara-ebp.59.dita/>
    <ara-ebp.60.dita/>
    <ara-ebp.61.dita/>
    <ara-ebp.62.dita/>
    <ara-ebp.63.dita/>
    <ara-ebp.64.dita/>
    <ara-ebp.65.dita/>
    <ara-ebp.66.dita/>
    <ara-ebp.67.dita/>
    <ara-ebp.68.dita/>
    <ara-ebp.69.dita/>
    <ara-ebp.70.dita/>
    <ara-ebp.71.dita/>
    <ara-ebp.72.dita/>
    <ara-ebp.73.dita/>
    <ara-ebp.74.dita/>
    <ara-ebp.75.dita/>
    <ara-ebp.76.dita/>
    <ara-ebp.77.dita/>
    <ara-ebp.78.dita/>
    <ara-ebp.79.dita/>
    <ara-ebp.80.dita/>
    <ara-ebp.81.dita/>
    <ara-ebp.82.dita/>
    <ara-ebp.83.dita/>
    <ara-ebp.84.dita/>
    <ara-ebp.85.dita/>
    <ara-ebp.86.dita/>
    <ara-ebp.87.dita/>
    <ara-ebp.88.dita/>
    <ara-ebp.89.dita/>
    <ara-ebp.90.dita/>
    <ara-ebp.91.dita/>
    <ara-ebp.92.dita/>
    <ara-ebp.93.dita/>
    <ara-ebp.94.dita/>
    <ara-ebp.95.dita/>
    <ara-ebp.96.dita/>
    <ara-ebp.97.dita/>
    <ara-ebp.98.dita/>
    <ara-ebp.99.dita/>
    <ara-ebp_11_k_filers.dita/>
    <ara-ebp_2016_form_5500_annual.dita/>
    <ara-ebp_2017.ditamap/>
    <ara-ebp_accounting_and_auditing_technical.dita/>
    <ara-ebp_accounting_issues_and_developments.dita/>
    <ara-ebp_accumulated_plan_benefits.dita/>
    <ara-ebp_aicpa_ebpaqc.dita/>
    <ara-ebp_aicpa_employee_benefit_plan.dita/>
    <ara-ebp_aicpa_online_professional_library.dita/>
    <ara-ebp_appA.dita/>
    <ara-ebp_appB.dita/>
    <ara-ebp_audit_quality.dita/>
    <ara-ebp_auditing_and_attest_pipeline.dita/>
    <ara-ebp_auditing_issues_and_developments.dita/>
    <ara-ebp_auditing_standards_board_employee.dita/>
    <ara-ebp_change_in_leadership_within.dita/>
    <ara-ebp_changes_in_the_employee.dita/>
    <ara-ebp_chapter_place_holder_1.dita/>
    <ara-ebp_chapter_place_holder_2.dita/>
    <ara-ebp_codified_clarity_standards.dita/>
    <ara-ebp_continuing_professional_education.dita/>
    <ara-ebp_cybersecurity.dita/>
    <ara-ebp_defined_benefit_pension_plans.dita/>
    <ara-ebp_demographic_assumptions.dita/>
    <ara-ebp_determination_letters_downsizes.dita/>
    <ara-ebp_disclosures_when_a_new.dita/>
    <ara-ebp_discount_rate.dita/>
    <ara-ebp_dol_erisa_advisory_council.dita/>
    <ara-ebp_dol_letters_to_employee.dita/>
    <ara-ebp_economic_and_demographic_assumptions.dita/>
    <ara-ebp_economic_and_industry_developments.dita/>
    <ara-ebp_economic_assumptions.dita/>
    <ara-ebp_effective_date.dita/>
    <ara-ebp_effective_date_and_transition.dita/>
    <ara-ebp_effective_date_and_transition1.dita/>
    <ara-ebp_electronic_information.dita/>
    <ara-ebp_employee_benefit_plan_considerations.dita/>
    <ara-ebp_employee_benefit_plan_guide_update.dita/>
    <ara-ebp_employee_benefit_plan_resources.dita/>
    <ara-ebp_employer_profit_sharing_contributions.dita/>
    <ara-ebp_ethics_hotline.dita/>
    <ara-ebp_expanded_missing_participant_program.dita/>
    <ara-ebp_fasb_asu_no._2015-12.dita/>
    <ara-ebp_fasb_asu_no._2015.dita/>
    <ara-ebp_fasb_asu_no._2016-01.dita/>
    <ara-ebp_fasb_asu_no._2016-19.dita/>
    <ara-ebp_fasb_asu_no._2017.dita/>
    <ara-ebp_fbrics_held_in_a_master_trust.dita/>
    <ara-ebp_financial_reporting_center_of.dita/>
    <ara-ebp_general_discussion.dita/>
    <ara-ebp_health_and_welfare_benefit.dita/>
    <ara-ebp_hot_topics.dita/>
    <ara-ebp_hotlines.dita/>
    <ara-ebp_how_this_alert_helps.dita/>
    <ara-ebp_indirect_investments_in_fbrics.dita/>
    <ara-ebp_industry_conferences.dita/>
    <ara-ebp_irs_announces_2017_plan.dita/>
    <ara-ebp_irs_audit_trends.dita/>
    <ara-ebp_irs_extends_nondiscrimination_relief.dita/>
    <ara-ebp_irs_top_ten_list.dita/>
    <ara-ebp_limited_scope_certifications_plan.dita/>
    <ara-ebp_long_term_rate_of.dita/>
    <ara-ebp_maintaining_pertinent_records.dita/>
    <ara-ebp_medical_trend_rates.dita/>
    <ara-ebp_member_service_center.dita/>
    <ara-ebp_mortality_table.dita/>
    <ara-ebp_multiemployer_pension_reform_act.dita/>
    <ara-ebp_name_of_the_engagement.dita/>
    <ara-ebp_new_auditing_standard_on.dita/>
    <ara-ebp_notice_to_readers.dita/>
    <ara-ebp_on_the_horizon.dita/>
    <ara-ebp_online_cpe.dita/>
    <ara-ebp_other_assumptions.dita/>
    <ara-ebp_part_i_fully_benefit.dita/>
    <ara-ebp_part_i_transition_guidance.dita/>
    <ara-ebp_part_ii_plan_investment.dita/>
    <ara-ebp_part_ii_transition_guidance.dita/>
    <ara-ebp_part_iii_measurement_date.dita/>
    <ara-ebp_part_iii_transition_guidance.dita/>
    <ara-ebp_partial_annuities.dita/>
    <ara-ebp_participant_data_and_frozen_plans.dita/>
    <ara-ebp_pcaob_auditors_report_on.dita/>
    <ara-ebp_pension_risk_management.dita/>
    <ara-ebp_preparing_for_peer_review.dita/>
    <ara-ebp_proposed_form_5500_changes.dita/>
    <ara-ebp_proposed_revised_mortality_tables.dita/>
    <ara-ebp_publications.dita/>
    <ara-ebp_puerto_rico_plans.dita/>
    <ara-ebp_readily_determinable_fair_value.dita/>
    <ara-ebp_recent_accounting_standards_updates.dita/>
    <ara-ebp_recent_auditing_and_attestation.dita/>
    <ara-ebp_recent_pronouncements.dita/>
    <ara-ebp_recently_issued_technical_questions.dita/>
    <ara-ebp_regulatory_developments_dol.dita/>
    <ara-ebp_regulatory_developments_irs.dita/>
    <ara-ebp_reorganization_of_pcaob_auditing.dita/>
    <ara-ebp_retiree_reimbursement_account_arrangement.dita/>
    <ara-ebp_salary_progression.dita/>
    <ara-ebp_spot_rate_approach_applicability.dita/>
    <ara-ebp_synthetic_investment_contracts.dita/>
    <ara-ebp_terminating_plans.dita/>
    <ara-ebp_the_current_economy.dita/>
    <ara-ebp_tools_to_further_audit_quality.dita/>
    <ara-ebp_trends_in_legal_action.dita/>
    <ara-ebp_webcasts.dita/>
    <rep:policy/>
</jcr:root>
