<?xml version="1.0" encoding="UTF-8"?>
<jcr:root xmlns:sling="http://sling.apache.org/jcr/sling/1.0" xmlns:cq="http://www.day.com/jcr/cq/1.0" xmlns:jcr="http://www.jcp.org/jcr/1.0" xmlns:rep="internal"
    cq:lastReplicated="{Date}2019-04-15T12:07:25.261Z"
    cq:lastReplicatedBy="admin-qa"
    cq:lastReplicationAction="Activate"
    jcr:mixinTypes="[cq:ReplicationStatus,rep:AccessControllable]"
    jcr:primaryType="cq:Tag"
    jcr:title="pwc"
    sling:resourceType="cq/tagging/components/tag">
    <category/>
    <entity_type/>
    <gaap/>
    <gaas/>
    <industry/>
    <media_type/>
    <topic/>
    <rep:policy/>
</jcr:root>
