[
  {
    "pdfbookmarkleveltype": "NONE",
    "performPostPublish": true,
    "ditaOtCmdArgs": "",
    "baselineName": "",
    "pdfbookmarkdisplaytags": false,
    "outputHistoryPath": "",
    "pdfbookmarksource": "PARAGRAPHS",
    "pdfbookmarkarticles": "THREAD_BY_TEXT",
    "useBaseline": false,
    "epubGenerator": "",
    "outputName": "AEM Site",
    "splitPDFDirectory": "/content/dam",
    "overwriteStrategy": "DeleteExisting",
    "cpName": "",
    "searchScope": "local",
    "ditaValType": "none",
    "pdfreviewonly": false,
    "pdfpagewidth": 8.5,
    "targetPath": "/content/pwc-madison/ditaroot/us/en",
    "lastPublished": "",
    "generateBreadcrumbs": true,
    "topicType": "topic",
    "pdfopenpage": 1,
    "pdfFileName": "",
    "pdfstart": 1,
    "generateSplitPDF": false,
    "customTransName": "",
    "pdftagged": false,
    "outputType": "AEMSITE",
    "siteName": "",
    "generateTOC": true,
    "deleteorphanpages": false,
    "pdfforeachfile": false,
    "fmpsPreset": "",
    "pdfzoomlevel": "DEFAULT",
    "robosettingsfile": "",
    "responsiveGenerator": "",
    "pdfGenerator": "",
    "pdfpagerange": "ALL",
    "metadataList": [],
    "pdfcmyktorgb": false,
    "postPublishWorkflow": "/var/workflow/models/madison-dita-postgeneration",
    "pdfpageheight": 11,
    "pdfend": 1,
    "outputTitle": "AEM Site",
    "ditaValPath": "",
    "templatePath": "/apps/pwc-madison/dita-design-template/default",
    "cleanTempFiles": true,
    "pdfbookmarks": false,
    "pdfnameddestination": false,
    "pdfoptions": "High Quality Print",
    "pdfregmark": "NO_REG_MARKS"
  },
  {
    "pdfbookmarkleveltype": "NONE",
    "performPostPublish": false,
    "ditaOtCmdArgs": "",
    "baselineName": "",
    "pdfbookmarkdisplaytags": false,
    "outputHistoryPath": "",
    "pdfbookmarksource": "PARAGRAPHS",
    "pdfbookmarkarticles": "THREAD_BY_TEXT",
    "useBaseline": false,
    "epubGenerator": "",
    "outputName": "PDF",
    "splitPDFDirectory": "/content/dam",
    "overwriteStrategy": "DeleteExisting",
    "cpName": "",
    "searchScope": "",
    "ditaValType": "none",
    "pdfreviewonly": false,
    "pdfpagewidth": 8.5,
    "targetPath": "/content/dam/fmdita-outputs/pdfs",
    "lastPublished": "",
    "generateBreadcrumbs": true,
    "topicType": "topic",
    "pdfopenpage": 1,
    "pdfFileName": "",
    "pdfstart": 1,
    "generateSplitPDF": false,
    "customTransName": "",
    "pdftagged": false,
    "outputType": "PDF",
    "siteName": "",
    "generateTOC": true,
    "deleteorphanpages": false,
    "pdfforeachfile": false,
    "fmpsPreset": "",
    "pdfzoomlevel": "DEFAULT",
    "robosettingsfile": "",
    "responsiveGenerator": "",
    "pdfGenerator": "ditaot",
    "pdfpagerange": "ALL",
    "metadataList": [],
    "pdfcmyktorgb": false,
    "postPublishWorkflow": "",
    "pdfpageheight": 11,
    "pdfend": 1,
    "outputTitle": "PDF",
    "ditaValPath": "",
    "templatePath": "",
    "cleanTempFiles": true,
    "pdfbookmarks": false,
    "pdfnameddestination": false,
    "pdfoptions": "High Quality Print",
    "pdfregmark": "NO_REG_MARKS"
  },
  {
    "pdfbookmarkleveltype": "NONE",
    "performPostPublish": false,
    "ditaOtCmdArgs": "",
    "baselineName": "",
    "pdfbookmarkdisplaytags": false,
    "outputHistoryPath": "",
    "pdfbookmarksource": "PARAGRAPHS",
    "pdfbookmarkarticles": "THREAD_BY_TEXT",
    "useBaseline": false,
    "epubGenerator": "",
    "outputName": "HTML5",
    "splitPDFDirectory": "/content/dam",
    "overwriteStrategy": "DeleteExisting",
    "cpName": "",
    "searchScope": "",
    "ditaValType": "none",
    "pdfreviewonly": false,
    "pdfpagewidth": 8.5,
    "targetPath": "/content/dam/fmdita-outputs/html5",
    "lastPublished": "",
    "generateBreadcrumbs": true,
    "topicType": "topic",
    "pdfopenpage": 1,
    "pdfFileName": "",
    "pdfstart": 1,
    "generateSplitPDF": false,
    "customTransName": "",
    "pdftagged": false,
    "outputType": "HTML5",
    "siteName": "",
    "generateTOC": true,
    "deleteorphanpages": false,
    "pdfforeachfile": false,
    "fmpsPreset": "",
    "pdfzoomlevel": "DEFAULT",
    "robosettingsfile": "",
    "responsiveGenerator": "ditaot",
    "pdfGenerator": "",
    "pdfpagerange": "ALL",
    "metadataList": [],
    "pdfcmyktorgb": false,
    "postPublishWorkflow": "",
    "pdfpageheight": 11,
    "pdfend": 1,
    "outputTitle": "HTML5",
    "ditaValPath": "",
    "templatePath": "",
    "cleanTempFiles": true,
    "pdfbookmarks": false,
    "pdfnameddestination": false,
    "pdfoptions": "High Quality Print",
    "pdfregmark": "NO_REG_MARKS"
  },
  {
    "pdfbookmarkleveltype": "NONE",
    "performPostPublish": false,
    "ditaOtCmdArgs": "",
    "baselineName": "",
    "pdfbookmarkdisplaytags": false,
    "outputHistoryPath": "",
    "pdfbookmarksource": "PARAGRAPHS",
    "pdfbookmarkarticles": "THREAD_BY_TEXT",
    "useBaseline": false,
    "epubGenerator": "ditaot",
    "outputName": "EPUB",
    "splitPDFDirectory": "/content/dam",
    "overwriteStrategy": "DeleteExisting",
    "cpName": "",
    "searchScope": "",
    "ditaValType": "none",
    "pdfreviewonly": false,
    "pdfpagewidth": 8.5,
    "targetPath": "/content/dam/fmdita-outputs/epub",
    "lastPublished": "",
    "generateBreadcrumbs": true,
    "topicType": "topic",
    "pdfopenpage": 1,
    "pdfFileName": "",
    "pdfstart": 1,
    "generateSplitPDF": false,
    "customTransName": "",
    "pdftagged": false,
    "outputType": "EPUB",
    "siteName": "",
    "generateTOC": true,
    "deleteorphanpages": false,
    "pdfforeachfile": false,
    "fmpsPreset": "",
    "pdfzoomlevel": "DEFAULT",
    "robosettingsfile": "",
    "responsiveGenerator": "",
    "pdfGenerator": "",
    "pdfpagerange": "ALL",
    "metadataList": [],
    "pdfcmyktorgb": false,
    "postPublishWorkflow": "",
    "pdfpageheight": 11,
    "pdfend": 1,
    "outputTitle": "EPUB",
    "ditaValPath": "",
    "templatePath": "",
    "cleanTempFiles": true,
    "pdfbookmarks": false,
    "pdfnameddestination": false,
    "pdfoptions": "High Quality Print",
    "pdfregmark": "NO_REG_MARKS"
  },
  {
    "pdfbookmarkleveltype": "NONE",
    "performPostPublish": false,
    "ditaOtCmdArgs": "",
    "baselineName": "",
    "pdfbookmarkdisplaytags": false,
    "outputHistoryPath": "",
    "pdfbookmarksource": "PARAGRAPHS",
    "pdfbookmarkarticles": "THREAD_BY_TEXT",
    "useBaseline": false,
    "epubGenerator": "",
    "outputName": "CUSTOM",
    "splitPDFDirectory": "/content/dam",
    "overwriteStrategy": "DeleteExisting",
    "cpName": "",
    "searchScope": "",
    "ditaValType": "none",
    "pdfreviewonly": false,
    "pdfpagewidth": 8.5,
    "targetPath": "/content/dam/fmdita-outputs/epub",
    "lastPublished": "",
    "generateBreadcrumbs": true,
    "topicType": "topic",
    "pdfopenpage": 1,
    "pdfFileName": "",
    "pdfstart": 1,
    "generateSplitPDF": false,
    "customTransName": "",
    "pdftagged": false,
    "outputType": "CUSTOM",
    "siteName": "",
    "generateTOC": true,
    "deleteorphanpages": false,
    "pdfforeachfile": false,
    "fmpsPreset": "",
    "pdfzoomlevel": "DEFAULT",
    "robosettingsfile": "",
    "responsiveGenerator": "",
    "pdfGenerator": "",
    "pdfpagerange": "ALL",
    "metadataList": [],
    "pdfcmyktorgb": false,
    "postPublishWorkflow": "",
    "pdfpageheight": 11,
    "pdfend": 1,
    "outputTitle": "CUSTOM",
    "ditaValPath": "",
    "templatePath": "",
    "cleanTempFiles": true,
    "pdfbookmarks": false,
    "pdfnameddestination": false,
    "pdfoptions": "High Quality Print",
    "pdfregmark": "NO_REG_MARKS"
  },
  {
    "pdfbookmarkleveltype": "NONE",
    "performPostPublish": true,
    "ditaOtCmdArgs": "",
    "baselineName": "",
    "pdfbookmarkdisplaytags": false,
    "outputHistoryPath": "",
    "pdfbookmarksource": "PARAGRAPHS",
    "pdfbookmarkarticles": "THREAD_BY_TEXT",
    "useBaseline": false,
    "epubGenerator": "",
    "outputName": "Preview Site",
    "splitPDFDirectory": "/content/dam",
    "overwriteStrategy": "DeleteExisting",
    "cpName": "",
    "searchScope": "local",
    "ditaValType": "none",
    "pdfreviewonly": false,
    "pdfpagewidth": 8.5,
    "targetPath": "/content/pwc-madison/preview",
    "lastPublished": "",
    "generateBreadcrumbs": true,
    "topicType": "topic",
    "pdfopenpage": 1,
    "pdfFileName": "",
    "pdfstart": 1,
    "generateSplitPDF": false,
    "customTransName": "",
    "pdftagged": false,
    "outputType": "AEMSITE",
    "siteName": "",
    "generateTOC": true,
    "deleteorphanpages": false,
    "pdfforeachfile": false,
    "fmpsPreset": "",
    "pdfzoomlevel": "DEFAULT",
    "robosettingsfile": "",
    "responsiveGenerator": "",
    "pdfGenerator": "",
    "pdfpagerange": "ALL",
    "metadataList": [],
    "pdfcmyktorgb": false,
    "postPublishWorkflow": "/var/workflow/models/madison-dita-postgeneration",
    "pdfpageheight": 11,
    "pdfend": 1,
    "outputTitle": "Preview Site",
    "ditaValPath": "",
    "templatePath": "/apps/pwc-madison/dita-design-template/default",
    "cleanTempFiles": true,
    "pdfbookmarks": false,
    "pdfnameddestination": false,
    "pdfoptions": "High Quality Print",
    "pdfregmark": "NO_REG_MARKS"
  }
]