<?xml version="1.0" encoding="UTF-8"?>
<jcr:root xmlns:sling="http://sling.apache.org/jcr/sling/1.0" xmlns:jcr="http://www.jcp.org/jcr/1.0" xmlns:nt="http://www.jcp.org/jcr/nt/1.0"
    jcr:primaryType="sling:OrderedFolder">
    <jcr:content
        jcr:primaryType="nt:unstructured"
        jcr:title="pwcAuthoredDTD"/>
    <catalog.xml/>
    <pwc-bookmap.dtd/>
    <pwc-commonElementsDomain.ent/>
    <pwc-abstract.dtd/>
    <pwc-abstract.mod/>
    <pwc-abstract.ent/>
    <pwc-commonElementsDomain.mod/>
    <pwc-example.dtd/>
    <pwc-example.mod/>
    <pwc-example.ent/>
    <pwc-faq.dtd/>
    <pwc-faq.ent/>
    <pwc-faq.mod/>
    <pwc-subjectScheme.dtd/>
    <pwc-metadataDomain.ent/>
    <pwc-map.dtd/>
    <pwc-metadataDomain.mod/>
    <pwc-topic.dtd/>
    <pwc-topic.ent/>
    <pwc-topic.mod/>
    <pwcConrefConstraint.mod/>
    <pwcEditedByDomain.ent/>
    <pwcEditedOnDomain.ent/>
    <pwcFormattingDomain.ent/>
    <pwcHighlightingDomainConstraint.mod/>
    <pwcPConstraint.mod/>
    <pwcSectionConstraint.mod/>
</jcr:root>
